<?xml version="1.0"?><CarsCatalogue><Car><Title>Car #0</Title><Model>Model #ppp</Model><Date>2022-04-12</Date><Code>Code #0</Code><Number>Number #0</Number><Cost currency="USD">1000</Cost></Car><Car><Title>Car #1</Title><Model>Model #ser</Model><Date>2022-04-12</Date><Code>Code #2</Code><Number>Number #1</Number><Cost currency="USD">1001</Cost></Car><Car><Title>Car #2</Title><Model>Model #uuu</Model><Date>2022-04-12</Date><Code>Code #4</Code><Number>Number #2</Number><Cost currency="USD">1002</Cost></Car></CarsCatalogue>